-- phpMyAdmin SQL Dump
-- version 5.0.4
-- https://www.phpmyadmin.net/
--
-- Host: 127.0.0.1
-- Generation Time: Aug 09, 2021 at 01:08 AM
-- Server version: 10.4.17-MariaDB
-- PHP Version: 8.0.2

SET SQL_MODE = "NO_AUTO_VALUE_ON_ZERO";
START TRANSACTION;
SET time_zone = "+00:00";


/*!40101 SET @OLD_CHARACTER_SET_CLIENT=@@CHARACTER_SET_CLIENT */;
/*!40101 SET @OLD_CHARACTER_SET_RESULTS=@@CHARACTER_SET_RESULTS */;
/*!40101 SET @OLD_COLLATION_CONNECTION=@@COLLATION_CONNECTION */;
/*!40101 SET NAMES utf8mb4 */;

--
-- Database: `nexhmedinnixha`
--

-- --------------------------------------------------------

--
-- Table structure for table `aplikimet`
--

CREATE TABLE `aplikimet` (
  `id` int(11) NOT NULL,
  `emri` varchar(255) NOT NULL,
  `mbiemri` varchar(255) NOT NULL,
  `emriprindi` varchar(255) NOT NULL,
  `ditelindja` varchar(255) NOT NULL,
  `email` varchar(255) NOT NULL,
  `telefoni` varchar(255) NOT NULL,
  `drejtimet` varchar(255) NOT NULL,
  `j_data` datetime NOT NULL DEFAULT current_timestamp()
) ENGINE=InnoDB DEFAULT CHARSET=latin1;

--
-- Dumping data for table `aplikimet`
--

INSERT INTO `aplikimet` (`id`, `emri`, `mbiemri`, `emriprindi`, `ditelindja`, `email`, `telefoni`, `drejtimet`, `j_data`) VALUES
(20, 'Alpet Gexha', 'Gexha', 'Alpet', '2004-08-09', 'agexha@gmail.com', '123-123-123', 'Informatika', '2021-07-28 17:42:28'),
(21, 'Alpet Gexha', 'Gexha', 'Alpet', '2004-08-09', 'agexha@gmail.com', '123-123-123', 'Informatika', '2021-07-28 17:42:28'),
(23, 'jhgjgh', 'jghjgh', 'Alpet', '2004-08-09', 'agexha@gmail.com', '044-444-444', 'Ndertimtari', '2021-08-03 00:26:27'),
(24, 'das', 'das', 'das', '2004-08-09', 'agexha@gmail.com', '123-123-123', 'Transport Rrugor', '2021-08-09 00:05:48');

-- --------------------------------------------------------

--
-- Table structure for table `kontakit`
--

CREATE TABLE `kontakit` (
  `id` int(11) NOT NULL,
  `email` varchar(255) NOT NULL,
  `sms` longtext NOT NULL
) ENGINE=InnoDB DEFAULT CHARSET=latin1;

-- --------------------------------------------------------

--
-- Table structure for table `lamia`
--

CREATE TABLE `lamia` (
  `idLamia` int(11) NOT NULL,
  `lamiaid` varchar(255) NOT NULL
) ENGINE=InnoDB DEFAULT CHARSET=latin1;

--
-- Dumping data for table `lamia`
--

INSERT INTO `lamia` (`idLamia`, `lamiaid`) VALUES
(1, 'Makineri'),
(2, 'Trafik Rrugor'),
(3, 'Elektroteknika'),
(4, 'Ndertimtari'),
(5, 'Tekstil'),
(6, 'Art pamor');

-- --------------------------------------------------------

--
-- Table structure for table `lendet`
--

CREATE TABLE `lendet` (
  `lendetID` int(255) NOT NULL,
  `lendetEmri` varchar(255) NOT NULL
) ENGINE=InnoDB DEFAULT CHARSET=utf8mb4;

--
-- Dumping data for table `lendet`
--

INSERT INTO `lendet` (`lendetID`, `lendetEmri`) VALUES
(4, 'Drejtori'),
(5, 'Arsimtar'),
(6, 'Sekretar'),
(7, 'Kordinator i shkollës'),
(8, 'Shërbim teknik');

-- --------------------------------------------------------

--
-- Table structure for table `post`
--

CREATE TABLE `post` (
  `id` int(11) UNSIGNED NOT NULL,
  `userid` int(11) NOT NULL,
  `titulli` varchar(255) NOT NULL,
  `body` text NOT NULL,
  `tags` text NOT NULL,
  `photo` varchar(255) NOT NULL,
  `date` datetime DEFAULT current_timestamp(),
  `category` int(3) DEFAULT NULL,
  `views` int(11) NOT NULL DEFAULT 0
) ENGINE=InnoDB DEFAULT CHARSET=utf8;

--
-- Dumping data for table `post`
--

INSERT INTO `post` (`id`, `userid`, `titulli`, `body`, `tags`, `photo`, `date`, `category`, `views`) VALUES
(96, 1, 'Automekanik', 'Një mekanik auto ( teknik automobilave në shumicën e Amerikën e Veriut , teknik të lehta automjeteve në British anglisht , dhe mekanik motor në Australian anglisht ) është një mekanik me një shumëllojshmëri të automobilave bën ose ose në një zonë të caktuar ose në një të veçantë të automobilave. Në riparimin e makinave, roli i tyre kryesor është diagnostikimiproblemi në mënyrë të saktë dhe të shpejtë. Ata shpesh duhet të japin kuotat e çmimeve për klientët e tyre para fillimit të punës ose pas çmontimit të pjesshëm për inspektim. Puna e tyre mund të përfshijë riparimin e një pjese të veçantë ose zëvendësimin e një ose më shumë pjesëve si kuvende.\r\n\r\nMirëmbajtja themelore e automjeteve është një pjesë themelore e punës së një mekaniku në vendet moderne të industrializuara, ndërsa në të tjerat ata konsultohen vetëm kur një automjet tashmë po tregon shenja të mosfunksionimit. Mirëmbajtja parandaluese është gjithashtu një pjesë themelore e punës së një mekaniku, por kjo nuk është e mundur në rastin e automjeteve që nuk mirëmbahen rregullisht nga një mekanik. Një aspekt i keqkuptuar i mirëmbajtjes parandaluese është zëvendësimi i planifikuar i pjesëve të ndryshme, i cili ndodh para dështimit për të shmangur dëmtimet shumë më të shtrenjta. Meqenëse kjo do të thotë që pjesët të zëvendësohen para se të vërehet ndonjë problem, shumë pronarë të automjeteve nuk do ta kuptojnë pse shpenzimi është i nevojshëm. [1]\r\n\r\nMe përparimin e shpejtë në teknologji, puna e mekanikut ka evoluar nga thjesht mekanike, për të përfshirë teknologjinë elektronike. Për shkak se automjetet sot posedojnë sisteme komplekse kompjuterike dhe elektronike, mekanikët duhet të kenë një bazë më të gjerë njohurish sesa në të kaluarën.\r\n\r\nPër shkak të natyrës gjithnjë e më labirintike të teknologjisë që tani është përfshirë në automobila, shumica e shitësve të automobilave dhe punëtoritë e pavarura tani ofrojnë kompjuterë të sofistikuar diagnostikues për çdo teknik, pa të cilët ata nuk do të ishin në gjendje të diagnostikonin ose riparonin një automjet.', '', 'NexhmedinNixha.611062f8d2c387.43086966.jpg', '2021-08-09 01:04:24', 1, 0),
(97, 1, 'Topologjia e rrjetit', 'Një rrjet kompjuterik është një grup kompjuterash autonomë të ndërlidhur me ndihmën e një teknologjie të caktuar. Dy kompjutera quhen të ndërlidhur nëse janë të aftë të shkëmbejnë informacion midis tyre. Lidhja mund të realizohet me anën e kabllove elektrikë, fibrave optike, mikrovalëve, rrezeve infra të kuqe apo me anën e satelitëve. Rrjetet kanë forma dhe madhësi të ndryshme.', '', 'NexhmedinNixha.6110633e47b151.50288201.png', '2021-08-09 01:05:34', 5, 0),
(99, 1, 'Random-access memory', ' Random-access memory (RAM; /ræm/) is a form of computer memory that can be read and changed in any order, typically used to store working data and machine code.[1][2] A random-access memory device allows data items to be read or written in almost the same amount of time irrespective of the physical location of data inside the memory, in contrast with other direct-access data storage media (such as hard disks, CD-RWs, DVD-RWs and the older magnetic tapes and drum memory), where the time required to read and write data items varies significantly depending on their physical locations on the recording medium, due to mechanical limitations such as media rotation speeds and arm movement.\r\n\r\nRAM contains multiplexing and demultiplexing circuitry, to connect the data lines to the addressed storage for reading or writing the entry. Usually more than one bit of storage is accessed by the same address, and RAM devices often have multiple data lines and are said to be \"8-bit\" or \"16-bit\", etc. devices.[clarification needed]\r\n\r\nIn today\'s technology, random-access memory takes the form of integrated circuit (IC) chips with MOS (metal-oxide-semiconductor) memory cells. RAM is normally associated with volatile types of memory (such as dynamic random-access memory (DRAM) modules), where stored information is lost if power is removed, although non-volatile RAM has also been developed.[3] Other types of non-volatile memories exist that allow random access for read operations, but either do not allow write operations or have other kinds of limitations on them. These include most types of ROM and a type of flash memory called NOR-Flash.\r\n\r\nThe two main types of volatile random-access semiconductor memory are static random-access memory (SRAM) and dynamic random-access memory (DRAM). Commercial uses of semiconductor RAM date back to 1965, when IBM introduced the SP95 SRAM chip for their System/360 Model 95 computer, and Toshiba used DRAM memory cells for its Toscal BC-1411 electronic calculator, both based on bipolar transistors. Commercial MOS memory, based on MOS transistors, was developed in the late 1960s, and has since been the basis for all commercial semiconductor memory. The first commercial DRAM IC chip, the Intel 1103, was introduced in October 1970. Synchronous dynamic random-access memory (SDRAM) later debuted with the Samsung KM48SL2000 chip in 1992.', '', 'NexhmedinNixha.6110639a6784d7.51799949.jpg', '2021-08-09 01:07:06', 5, 0);

-- --------------------------------------------------------

--
-- Table structure for table `post_categories`
--

CREATE TABLE `post_categories` (
  `id` int(10) UNSIGNED NOT NULL,
  `lamia` int(11) NOT NULL,
  `emri` varchar(40) NOT NULL,
  `emriPhoto` longtext NOT NULL,
  `colum_table` longtext NOT NULL
) ENGINE=InnoDB DEFAULT CHARSET=utf8;

--
-- Dumping data for table `post_categories`
--

INSERT INTO `post_categories` (`id`, `lamia`, `emri`, `emriPhoto`, `colum_table`) VALUES
(1, 1, 'Automekanik', 'NexhmedinNixha.611006ccea96b8.44966171.jpg', ''),
(2, 1, 'Operator Prodhimi', 'NexhmedinNixha.611006f99e3ac3.46040921.jpg', ''),
(4, 2, 'Transport Rrugor', 'TrafikRrugor.jpg', ''),
(5, 3, 'Informatika', 'Informatika.jpg', ' Është profil në kuadër të drejtimit të Elektroteknikës. Brenda këtij profili nxënësit mund të mësojnë për:\r\nAplikacionet e Office-it,\r\nSistemet Operative,\r\nRrjetet Kompjuterike,\r\nAlgoritme,\r\nBaza të të dhënave,\r\nGjuhë Programuese (C++),\r\nWeb disejn,\r\nArkitekturë Kompjuteri.\r\n\r\nViti i Ri shkollor … Drejtimi i Informatikës në vitin e ri shkollor, 2021 fillon i përgatitur sa i përket gadishmërisë së kabineteve për t’iu shërbyer nxënësve sa më mirë. Në këtë kontekst vlenë të theksohet se ekzistojnë dy kabinete të paisur me kompjuterë solidë për punë. Ata janë të lidhur në rrjetin e Internetit, kështuqë nxënësit mund të shfrytëzojnë informacione edhe nga Interneti. Për të shfrytëzuar materiale për mësim, klikoni më poshtë !'),
(7, 3, 'Instalues Elektrik', 'InstaluesEletrik.jpg', ''),
(8, 3, 'Energjetika', 'Energjetika.jpg', ''),
(9, 4, 'Arkitektur', 'Arkitektur.jpg', ''),
(10, 4, 'Ndertimtari', 'Ndertimtari.jpg', ''),
(11, 5, 'Rrobaqepsi', 'Rrobaqepsi.jpg', ''),
(98, 6, 'Disajn i Veshjeve', 'NexhmedinNixha.60e91652e57df6.68452799.jpg', '');

-- --------------------------------------------------------

--
-- Table structure for table `roles`
--

CREATE TABLE `roles` (
  `id` int(11) NOT NULL,
  `role` varchar(50) NOT NULL
) ENGINE=InnoDB DEFAULT CHARSET=latin1;

--
-- Dumping data for table `roles`
--

INSERT INTO `roles` (`id`, `role`) VALUES
(1, 'SuperAdmin'),
(2, 'Admin'),
(3, 'Moderator'),
(4, 'Editor');

-- --------------------------------------------------------

--
-- Table structure for table `stafi`
--

CREATE TABLE `stafi` (
  `stafiID` int(11) NOT NULL,
  `stafiPhoto` varchar(255) NOT NULL,
  `stafiEmri` varchar(255) NOT NULL,
  `stafiMbiemri` varchar(255) NOT NULL,
  `stafiLenda` int(11) NOT NULL
) ENGINE=InnoDB DEFAULT CHARSET=utf8mb4;

--
-- Dumping data for table `stafi`
--

INSERT INTO `stafi` (`stafiID`, `stafiPhoto`, `stafiEmri`, `stafiMbiemri`, `stafiLenda`) VALUES
(19, 'NNStaf.611050e37454f6.80223837.jpg', 'Lorem', 'Lorem', 4),
(20, 'NNStaf.611050f457cdd5.56103649.jpg', 'Lorem2', 'Lorem2', 5),
(21, 'NNStaf.61105105aaa1d6.26519458.jpg', 'Lorem3', 'Lorem3', 5),
(22, 'NNStaf.61105115a33d38.51103500.jpg', 'Lorem4', 'Lorem4', 5),
(23, 'NNStaf.61105123d19b43.91097825.jpg', 'Lorem5', 'Lorem5', 6),
(24, 'NNStaf.61105130d124e0.47590146.jpg', 'Lorem6', 'Lorem6', 7),
(25, 'NNStaf.611051528cfbe5.30088685.jpg', 'Lorem6', 'Lorem7', 8),
(26, 'NNStaf.6110515ee52b14.92856169.jpg', 'EASEAS', 'Lorem4', 8);

-- --------------------------------------------------------

--
-- Table structure for table `users`
--

CREATE TABLE `users` (
  `id` int(11) NOT NULL,
  `emri` varchar(255) NOT NULL,
  `mbiemri` varchar(255) NOT NULL,
  `username` varchar(255) NOT NULL,
  `password` varchar(255) NOT NULL,
  `email` varchar(255) NOT NULL,
  `role` int(11) NOT NULL DEFAULT 0,
  `image` varchar(500) NOT NULL DEFAULT 'nologouser.jpg',
  `j_data` datetime NOT NULL DEFAULT current_timestamp()
) ENGINE=InnoDB DEFAULT CHARSET=latin1;

--
-- Dumping data for table `users`
--

INSERT INTO `users` (`id`, `emri`, `mbiemri`, `username`, `password`, `email`, `role`, `image`, `j_data`) VALUES
(1, 'Alpet', 'Gexha', 'AlpetG', '$2y$10$kymJnHuonTJVKJDi5iLqDO12/q7TxatuMUYuRqkzMmPg6yvaGmHqC', 'agexha@gmail.com', 1, 'AlpetGBlogUser.60c38af32e7f04.43411620.jpg', '2021-06-05 01:53:35'),
(17, 'Test', 'test', 'AlpetG2', '$2y$10$kymJnHuonTJVKJDi5iLqDO12/q7TxatuMUYuRqkzMmPg6yvaGmHqC', 'agexha10@gmail.com', 1, 'nologouser.jpg', '2021-06-05 01:13:22'),
(74, 'admin', 'admin', 'damin', '$2y$10$91/2mHTdkWWgFda6oWdXkO2L0igeRuE63G3DP5xYOY7c24.YyPRCG', 'admin@admin.com', 1, 'nologouser.jpg', '2021-07-29 02:13:05');

-- --------------------------------------------------------

--
-- Table structure for table `visitor_info`
--

CREATE TABLE `visitor_info` (
  `id` int(11) NOT NULL,
  `ip_address` varchar(255) DEFAULT NULL,
  `user_agent` varchar(255) DEFAULT NULL,
  `time_accessed` timestamp NOT NULL DEFAULT current_timestamp()
) ENGINE=InnoDB DEFAULT CHARSET=latin1;

--
-- Dumping data for table `visitor_info`
--

INSERT INTO `visitor_info` (`id`, `ip_address`, `user_agent`, `time_accessed`) VALUES
(170, '::1', 'Mozilla/5.0 (Windows NT 10.0; Win64; x64) AppleWebKit/537.36 (KHTML, like Gecko) Chrome/91.0.4472.164 Safari/537.36', '2021-07-28 14:35:34'),
(171, '::1', 'Mozilla/5.0 (Windows NT 10.0; Win64; x64) AppleWebKit/537.36 (KHTML, like Gecko) Chrome/91.0.4472.164 Safari/537.36', '2021-07-28 14:35:35'),
(172, '::1', 'Mozilla/5.0 (Windows NT 10.0; Win64; x64) AppleWebKit/537.36 (KHTML, like Gecko) Chrome/91.0.4472.164 Safari/537.36', '2021-07-28 14:44:39'),
(173, '::1', 'Mozilla/5.0 (Windows NT 10.0; Win64; x64) AppleWebKit/537.36 (KHTML, like Gecko) Chrome/91.0.4472.164 Safari/537.36', '2021-07-28 15:21:52'),
(174, '::1', 'Mozilla/5.0 (Windows NT 10.0; Win64; x64) AppleWebKit/537.36 (KHTML, like Gecko) Chrome/91.0.4472.164 Safari/537.36', '2021-07-28 15:21:54'),
(175, '::1', 'Mozilla/5.0 (Windows NT 10.0; Win64; x64) AppleWebKit/537.36 (KHTML, like Gecko) Chrome/91.0.4472.164 Safari/537.36', '2021-07-28 15:23:33'),
(176, '::1', 'Mozilla/5.0 (Windows NT 10.0; Win64; x64) AppleWebKit/537.36 (KHTML, like Gecko) Chrome/91.0.4472.164 Safari/537.36', '2021-07-28 15:23:41'),
(177, '::1', 'Mozilla/5.0 (Windows NT 10.0; Win64; x64) AppleWebKit/537.36 (KHTML, like Gecko) Chrome/91.0.4472.164 Safari/537.36', '2021-07-28 15:23:44'),
(178, '::1', 'Mozilla/5.0 (Windows NT 10.0; Win64; x64) AppleWebKit/537.36 (KHTML, like Gecko) Chrome/91.0.4472.164 Safari/537.36', '2021-07-28 15:23:44'),
(179, '::1', 'Mozilla/5.0 (Windows NT 10.0; Win64; x64) AppleWebKit/537.36 (KHTML, like Gecko) Chrome/91.0.4472.164 Safari/537.36', '2021-07-28 15:23:44'),
(180, '::1', 'Mozilla/5.0 (Windows NT 10.0; Win64; x64) AppleWebKit/537.36 (KHTML, like Gecko) Chrome/91.0.4472.164 Safari/537.36', '2021-07-28 15:25:00'),
(181, '::1', 'Mozilla/5.0 (Windows NT 10.0; Win64; x64) AppleWebKit/537.36 (KHTML, like Gecko) Chrome/91.0.4472.164 Safari/537.36', '2021-07-28 15:26:21'),
(182, '::1', 'Mozilla/5.0 (Windows NT 10.0; Win64; x64) AppleWebKit/537.36 (KHTML, like Gecko) Chrome/91.0.4472.164 Safari/537.36', '2021-07-28 15:31:47'),
(183, '::1', 'Mozilla/5.0 (Windows NT 10.0; Win64; x64) AppleWebKit/537.36 (KHTML, like Gecko) Chrome/91.0.4472.164 Safari/537.36', '2021-07-28 16:16:06'),
(184, '::1', 'Mozilla/5.0 (Windows NT 10.0; Win64; x64) AppleWebKit/537.36 (KHTML, like Gecko) Chrome/92.0.4515.115 Safari/537.36', '2021-08-04 15:10:09'),
(185, '::1', 'Mozilla/5.0 (Windows NT 10.0; Win64; x64) AppleWebKit/537.36 (KHTML, like Gecko) Chrome/92.0.4515.115 Safari/537.36', '2021-08-04 16:36:03'),
(186, '::1', 'Mozilla/5.0 (Windows NT 10.0; Win64; x64) AppleWebKit/537.36 (KHTML, like Gecko) Chrome/92.0.4515.131 Safari/537.36', '2021-08-08 13:13:05'),
(187, '::1', 'Mozilla/5.0 (Windows NT 10.0; Win64; x64) AppleWebKit/537.36 (KHTML, like Gecko) Chrome/92.0.4515.131 Safari/537.36', '2021-08-08 13:18:33'),
(188, '::1', 'Mozilla/5.0 (Windows NT 10.0; Win64; x64) AppleWebKit/537.36 (KHTML, like Gecko) Chrome/92.0.4515.131 Safari/537.36', '2021-08-08 13:22:54'),
(189, '::1', 'Mozilla/5.0 (Windows NT 10.0; Win64; x64) AppleWebKit/537.36 (KHTML, like Gecko) Chrome/92.0.4515.131 Safari/537.36', '2021-08-08 13:23:16'),
(190, '::1', 'Mozilla/5.0 (Windows NT 10.0; Win64; x64) AppleWebKit/537.36 (KHTML, like Gecko) Chrome/92.0.4515.131 Safari/537.36', '2021-08-08 13:23:17'),
(191, '::1', 'Mozilla/5.0 (Windows NT 10.0; Win64; x64) AppleWebKit/537.36 (KHTML, like Gecko) Chrome/92.0.4515.131 Safari/537.36', '2021-08-08 13:24:55'),
(192, '::1', 'Mozilla/5.0 (Windows NT 10.0; Win64; x64) AppleWebKit/537.36 (KHTML, like Gecko) Chrome/92.0.4515.131 Safari/537.36', '2021-08-08 13:38:24'),
(193, '::1', 'Mozilla/5.0 (Windows NT 10.0; Win64; x64) AppleWebKit/537.36 (KHTML, like Gecko) Chrome/92.0.4515.131 Safari/537.36', '2021-08-08 15:09:55'),
(194, '::1', 'Mozilla/5.0 (Windows NT 10.0; Win64; x64) AppleWebKit/537.36 (KHTML, like Gecko) Chrome/92.0.4515.131 Safari/537.36', '2021-08-08 15:10:18'),
(195, '::1', 'Mozilla/5.0 (Windows NT 10.0; Win64; x64) AppleWebKit/537.36 (KHTML, like Gecko) Chrome/92.0.4515.131 Safari/537.36', '2021-08-08 15:10:20'),
(196, '::1', 'Mozilla/5.0 (Windows NT 10.0; Win64; x64) AppleWebKit/537.36 (KHTML, like Gecko) Chrome/92.0.4515.131 Safari/537.36', '2021-08-08 15:19:02'),
(197, '::1', 'Mozilla/5.0 (Windows NT 10.0; Win64; x64) AppleWebKit/537.36 (KHTML, like Gecko) Chrome/92.0.4515.131 Safari/537.36', '2021-08-08 15:20:13'),
(198, '::1', 'Mozilla/5.0 (Windows NT 10.0; Win64; x64) AppleWebKit/537.36 (KHTML, like Gecko) Chrome/92.0.4515.131 Safari/537.36', '2021-08-08 15:20:46'),
(199, '::1', 'Mozilla/5.0 (Windows NT 10.0; Win64; x64) AppleWebKit/537.36 (KHTML, like Gecko) Chrome/92.0.4515.131 Safari/537.36', '2021-08-08 15:21:04'),
(200, '::1', 'Mozilla/5.0 (Windows NT 10.0; Win64; x64) AppleWebKit/537.36 (KHTML, like Gecko) Chrome/92.0.4515.131 Safari/537.36', '2021-08-08 15:25:09'),
(201, '::1', 'Mozilla/5.0 (Windows NT 10.0; Win64; x64) AppleWebKit/537.36 (KHTML, like Gecko) Chrome/92.0.4515.131 Safari/537.36', '2021-08-08 15:25:35'),
(202, '::1', 'Mozilla/5.0 (Windows NT 10.0; Win64; x64) AppleWebKit/537.36 (KHTML, like Gecko) Chrome/92.0.4515.131 Safari/537.36', '2021-08-08 21:40:15'),
(203, '::1', 'Mozilla/5.0 (Windows NT 10.0; Win64; x64) AppleWebKit/537.36 (KHTML, like Gecko) Chrome/92.0.4515.131 Safari/537.36', '2021-08-08 22:27:39'),
(204, '::1', 'Mozilla/5.0 (Windows NT 10.0; Win64; x64) AppleWebKit/537.36 (KHTML, like Gecko) Chrome/92.0.4515.131 Safari/537.36', '2021-08-08 22:46:27'),
(205, '::1', 'Mozilla/5.0 (Windows NT 10.0; Win64; x64) AppleWebKit/537.36 (KHTML, like Gecko) Chrome/92.0.4515.131 Safari/537.36', '2021-08-08 22:46:39'),
(206, '::1', 'Mozilla/5.0 (Windows NT 10.0; Win64; x64) AppleWebKit/537.36 (KHTML, like Gecko) Chrome/92.0.4515.131 Safari/537.36', '2021-08-08 22:47:19'),
(207, '::1', 'Mozilla/5.0 (Windows NT 10.0; Win64; x64) AppleWebKit/537.36 (KHTML, like Gecko) Chrome/92.0.4515.131 Safari/537.36', '2021-08-08 22:47:20'),
(208, '::1', 'Mozilla/5.0 (Windows NT 10.0; Win64; x64) AppleWebKit/537.36 (KHTML, like Gecko) Chrome/92.0.4515.131 Safari/537.36', '2021-08-08 22:47:23'),
(209, '::1', 'Mozilla/5.0 (Windows NT 10.0; Win64; x64) AppleWebKit/537.36 (KHTML, like Gecko) Chrome/92.0.4515.131 Safari/537.36', '2021-08-08 22:47:24'),
(210, '::1', 'Mozilla/5.0 (Windows NT 10.0; Win64; x64) AppleWebKit/537.36 (KHTML, like Gecko) Chrome/92.0.4515.131 Safari/537.36', '2021-08-08 22:47:43'),
(211, '::1', 'Mozilla/5.0 (Windows NT 10.0; Win64; x64) AppleWebKit/537.36 (KHTML, like Gecko) Chrome/92.0.4515.131 Safari/537.36', '2021-08-08 22:47:49');

--
-- Indexes for dumped tables
--

--
-- Indexes for table `aplikimet`
--
ALTER TABLE `aplikimet`
  ADD PRIMARY KEY (`id`);

--
-- Indexes for table `kontakit`
--
ALTER TABLE `kontakit`
  ADD PRIMARY KEY (`id`);

--
-- Indexes for table `lamia`
--
ALTER TABLE `lamia`
  ADD PRIMARY KEY (`idLamia`);

--
-- Indexes for table `lendet`
--
ALTER TABLE `lendet`
  ADD PRIMARY KEY (`lendetID`);

--
-- Indexes for table `post`
--
ALTER TABLE `post`
  ADD PRIMARY KEY (`id`),
  ADD KEY `userid` (`userid`);

--
-- Indexes for table `post_categories`
--
ALTER TABLE `post_categories`
  ADD PRIMARY KEY (`id`),
  ADD KEY `lamia` (`lamia`);

--
-- Indexes for table `roles`
--
ALTER TABLE `roles`
  ADD PRIMARY KEY (`id`);

--
-- Indexes for table `stafi`
--
ALTER TABLE `stafi`
  ADD PRIMARY KEY (`stafiID`),
  ADD KEY `stafiLenda` (`stafiLenda`);

--
-- Indexes for table `users`
--
ALTER TABLE `users`
  ADD PRIMARY KEY (`id`),
  ADD KEY `role` (`role`);

--
-- Indexes for table `visitor_info`
--
ALTER TABLE `visitor_info`
  ADD PRIMARY KEY (`id`);

--
-- AUTO_INCREMENT for dumped tables
--

--
-- AUTO_INCREMENT for table `aplikimet`
--
ALTER TABLE `aplikimet`
  MODIFY `id` int(11) NOT NULL AUTO_INCREMENT, AUTO_INCREMENT=25;

--
-- AUTO_INCREMENT for table `kontakit`
--
ALTER TABLE `kontakit`
  MODIFY `id` int(11) NOT NULL AUTO_INCREMENT;

--
-- AUTO_INCREMENT for table `lamia`
--
ALTER TABLE `lamia`
  MODIFY `idLamia` int(11) NOT NULL AUTO_INCREMENT, AUTO_INCREMENT=9;

--
-- AUTO_INCREMENT for table `lendet`
--
ALTER TABLE `lendet`
  MODIFY `lendetID` int(255) NOT NULL AUTO_INCREMENT, AUTO_INCREMENT=9;

--
-- AUTO_INCREMENT for table `post`
--
ALTER TABLE `post`
  MODIFY `id` int(11) UNSIGNED NOT NULL AUTO_INCREMENT, AUTO_INCREMENT=100;

--
-- AUTO_INCREMENT for table `post_categories`
--
ALTER TABLE `post_categories`
  MODIFY `id` int(10) UNSIGNED NOT NULL AUTO_INCREMENT, AUTO_INCREMENT=1023;

--
-- AUTO_INCREMENT for table `roles`
--
ALTER TABLE `roles`
  MODIFY `id` int(11) NOT NULL AUTO_INCREMENT, AUTO_INCREMENT=6;

--
-- AUTO_INCREMENT for table `stafi`
--
ALTER TABLE `stafi`
  MODIFY `stafiID` int(11) NOT NULL AUTO_INCREMENT, AUTO_INCREMENT=27;

--
-- AUTO_INCREMENT for table `users`
--
ALTER TABLE `users`
  MODIFY `id` int(11) NOT NULL AUTO_INCREMENT, AUTO_INCREMENT=75;

--
-- AUTO_INCREMENT for table `visitor_info`
--
ALTER TABLE `visitor_info`
  MODIFY `id` int(11) NOT NULL AUTO_INCREMENT, AUTO_INCREMENT=212;

--
-- Constraints for dumped tables
--

--
-- Constraints for table `post`
--
ALTER TABLE `post`
  ADD CONSTRAINT `post_ibfk_1` FOREIGN KEY (`userid`) REFERENCES `users` (`id`);

--
-- Constraints for table `post_categories`
--
ALTER TABLE `post_categories`
  ADD CONSTRAINT `post_categories_ibfk_1` FOREIGN KEY (`lamia`) REFERENCES `lamia` (`idLamia`);

--
-- Constraints for table `stafi`
--
ALTER TABLE `stafi`
  ADD CONSTRAINT `stafi_ibfk_1` FOREIGN KEY (`stafiLenda`) REFERENCES `lendet` (`lendetID`);
COMMIT;

/*!40101 SET CHARACTER_SET_CLIENT=@OLD_CHARACTER_SET_CLIENT */;
/*!40101 SET CHARACTER_SET_RESULTS=@OLD_CHARACTER_SET_RESULTS */;
/*!40101 SET COLLATION_CONNECTION=@OLD_COLLATION_CONNECTION */;
